Uid,NickName,username,country,골드 수량,선물 수량,선물을 보낸 유저 수,선물 보낸 유저들 정보
"6086695883702272","시아 Sia🥑","sia_s2022","KR","166688","51","8","6398631703019520, 5652773686280192, 6538959133212672, 5315812731977728, 5939398845857792, 5870461459628032, 4966019525050368, 6041793248559104"
"6311888081190912","🌸Sakuraღ유아💕","sakura_YuA","KR","233690","443","49","6706241353220096, 6046411302764544, 5745487842050048, 6556731197161472, 5986367418990592, 4787087145304064, 6527592607842304, 6107417956909056, 6435739152547840, 5284297175138304, 4721880401641472, 5778863252766720, 5874987392237568, 5664083787579392, 4673254893748224, 4828828802023424, 4845620378533888, 6191893239955456, 4620230718455808, 6430788548755456, 4806107095171072, 5736732523364352, 6491602989940736, 6709228708888576, 6024406172499968, 6593905241161728, 6184392749481984, 6082882357231616, 6323050233659392, 4531442485100544, 6345561143574528, 5870461459628032, 6625322185457664, 4574926385381376, 4583436728860672, 5115641275678720, 5320210313969664, 5410055046627328, 5698355227656192, 6458528514637824, 4755712469303296, 6415386334003200, 6287810849079296, 5638496909983744, 5212021164539904, 4693117576740864, 5172968409989120, 5850879199084544, 5113189445599232"
"6109650699354112","G바겐","gclass0714","KR","136306","134","44","4914521623953408, 5165837830455296, 4781266093408256, 6507720461189120, 5525145630474240, 4776757054078976, 5725317758320640, 6201918843387904, 5387840348422144, 6698714025230336, 6212112248602624, 6491602989940736, 5669754709082112, 5117179361165312, 6542291723223040, 4891160726405120, 6537738096279552, 4530582212247552, 6623542625763328, 6625322185457664, 6024406172499968, 6593905241161728, 5164991692079104, 5972532624687104, 6123227346829312, 6649736359378944, 6673674723852288, 6657699167993856, 6097402549829632, 5183711354093568, 4614440547647488, 6530431203999744, 5213190111494144, 5727229497638912, 6542523709456384, 4552587147083776, 6696875842142208, 6172857072812032, 5699155214401536, 5790183841464320, 5870461459628032, 6612331900633088, 6674737003692032, 6640192861896704"
"6256156932767744","김유나","dengd2ng","KR","60006","81","10","4709251643801600, 5066709725806592, 5399440666066944, 5514049006403584, 5742547148406784, 4670372889952256, 6264006653116416, 4675689036054528, 4577992888221696, 5373480675770368"
"5769317179523072","달순이","cloud_8030","KR","97864","33","11","4901429133377536, 5207517261791232, 5023183529639936, 5377931595677696, 5924954600439808, 6406884962467840, 4927644498198528, 6662107454832640, 4803046857834496, 6509771970772992, 5616775203061760"
"6736647941193728","miyu 💜","love_miyu","KR","41471","43","12","5675642468564992, 6458311520223232, 5870461459628032, 6523811399925760, 6315304935882752, 6649001149333504, 6723315784941568, 5993341448683520, 6010138017529856, 6105054112972800, 4763757576519680, 5908142300135424"
"5253799544225792","🌸아인🔞🌸","Ainnee2378","KR","100947","161","57","5984225993097216, 5562021669896192, 4733466932609024, 4828828802023424, 5663905126678528, 4533828846157824, 5622982205374464, 5664812041830400, 4651410858573824, 5313175818928128, 4763757576519680, 4927644498198528, 5212214167142400, 6133977049137152, 4531442485100544, 5190388285505536, 5406042030473216, 5351273114304512, 6647620184702976, 5311002776240128, 5322308351557632, 4709321829842944, 5055398456918016, 5062048862502912, 5768788836155392, 5956999940276224, 6491602989940736, 6586866304352256, 4825304741904384, 5745487842050048, 6193230871855104, 6328679682736128, 6346034624266240, 4843541676359680, 5233566694572032, 6137720462311424, 4777387145166848, 5463565987414016, 5477167546564608, 4762890802495488, 4960316334211072, 5110903180492800, 5912276897693696, 6275512265474048, 4843121435803648, 5735105080524800, 6240747687968768, 5660814284619776, 4706421537570816, 5540986350272512, 4904013697056768, 5699155214401536, 5804039257260032, 6298384275144704, 5353035829280768, 5484005354045440, 5530807295672320"
"6525173473083392","전보연 boyeon","171jun2021","KR","31545","17","9","5816023233658880, 4590157227687936, 6362351801008128, 6287810849079296, 5292363764596736, 5117234487951360, 4734348407537664, 4838509314441216, 6457903536275456"
"6730549089075200","반서지","banseozi","KR","74108","250","40","6559515521777664, 6507720461189120, 4927644498198528, 5563188243529728, 4921927486275584, 5663905126678528, 5196458372562944, 5912276897693696, 4706763092066304, 5062751263326208, 4996626595577856, 6604223988170752, 4954480966696960, 4753230114193408, 4705412683988992, 5678913642430464, 6589488484909056, 5870461459628032, 5993468652486656, 5089070489534464, 5212214167142400, 6075083665899520, 6697236348338176, 5581473156825088, 5635903101861888, 5785736391622656, 6690639000698880, 6223399693254656, 5269294402437120, 5205075324633088, 5190388285505536, 5062807596630016, 5544433575395328, 5787754254499840, 5830913994981376, 6491602989940736, 6189785091866624, 4946977258078208, 5770200383291392, 6042174494015488"
"5554389991489536","고은비","shushu_22","KR","20233","23","7","5219927957110784, 5581473156825088, 5048593910267904, 5675642468564992, 6486634350706688, 6596215883104256, 6486403925278720"
"5051075711401984","다송","dearsongi","KR","25471","12","5","5201076535230464, 4942361894912000, 5392994812493824, 4814430169923584, 5398269297491968"
"5077262085455872","백설양 Snow","uoujjj","KR","19878","40","19","5780310080749568, 5578271093555200, 5798095553953792, 5696851935494144, 5719289708478464, 4657003098210304, 6478155584045056, 5857740003147776, 6042174494015488, 6571342256013312, 4636199850737664, 4601867048910848, 6444270221066240, 6633474150694912, 4671620141088768, 5050486017556480, 6457903536275456, 5894485755953152, 6287810849079296"
"5387501776863232","한주","hanjoo_","KR","13732","33","5","5429322041196544, 5616775203061760, 4927644498198528, 4543072919158784, 6551943457734656"
"6044127457378304","채온","kimsoomjjin","KR","13525","20","6","5652773686280192, 4631371785109504, 6036695060905984, 5678636116738048, 5689232883843072, 6551943457734656"
"6433134942027776","선아","Sun_Ah","KR","11873","23","9","5789081991970816, 4927644498198528, 6606104371068928, 5787754254499840, 5698115640426496, 5581473156825088, 6662107454832640, 5429322041196544, 4744591605694464"
"5974147107717120","하루짱","ruzzxng","KR","62788","11","8","4677588158906368, 6482271711133696, 5390836510031872, 4984091220770816, 4580179546013696, 6046411302764544, 6058990626537472, 6126045174300672"
"4723101646651392","Hyo원","hyoone","KR","18225","50","19","5084452854038528, 4570969757581312, 5563188243529728, 5966534835830784, 4927644498198528, 4839486385094656, 5657303726227456, 5311772350414848, 6662107454832640, 5388838528483328, 6386923728994304, 4552587147083776, 4750210540699648, 5805926677020672, 4552080678060032, 5120416142917632, 5627263758565376, 4517875492454400, 4780758739582976"
"5523876213227520","묘화","myohwa00","KR","21377","56","19","6693234074124288, 6278692818059264, 5164947260964864, 5557184598966272, 5228016615096320, 5685575031128064, 5742547148406784, 4856045030801408, 6644623374221312, 4815524681940992, 5658483165954048, 4830445314572288, 4914581800288256, 5404574639783936, 5689419264491520, 4691454729453568, 6329028942430208, 5756888548638720, 6707839457624064"
"6329543424147456","여니 🐰","Yeoni_Mochi","KR","9060","47","6","5991790596521984, 5755821698711552, 5742547148406784, 6418847970164736, 5776074686529536, 4879705769312256"
"5892209944887296","Now__on 현재","now__ness","KR","6736","51","2","6408108509429760, 6109972339556352"
"5395499315298304","Katainao🐰","katainao","TH","6943","14","3","6651629143654400, 4613183803424768, 5298021734350848"
"6093701669650432","새옴","om0322","KR","12750","37","21","5742547148406784, 4916518445252608, 4693242802274304, 6709228708888576, 5525069063454720, 5121685856256000, 6136591177809920, 6002902437855232, 4899648879001600, 5217382172917760, 5865801773875200, 4826794073391104, 5885574941376512, 6015235002793984, 5876699785723904, 5798836269285376, 6303123756679168, 5150205408378880, 5192739512844288, 6156103286390784, 4527542865297408"
"5517105789206528","유나💦","jkjk6958","KR","6743","10","5","6345561143574528, 4823374318731264, 6147824689217536, 4960316334211072, 5284297175138304"
"6412214268723200","진다율 Jin da yul","jin_dayul","KR","6551","29","7","6369241609732096, 5190388285505536, 5754086473203712, 6647620184702976, 5430565602000896, 5127498621648896, 5957222891585536"
"4729993722920960","지니🩷","maximgini","KR","5920","12","5","5354333169057792, 5696895718719488, 4638531464265728, 6418847970164736, 4960457862217728"
"5131197783277568","히츄💋","s2chuuuu","KR","8856","69","17","5652773686280192, 6329932313591808, 6396893224370176, 5505378377596928, 6328488882470912, 4638531464265728, 6551943457734656, 4672260776984576, 5742586838056960, 4975245280280576, 4983785094250496, 5321713854251008, 4585350913785856, 4827315310755840, 6647620184702976, 5117234487951360, 6674737003692032"
"6187867401551872","아음","Aheumm","KR","5297","8","4","5652773686280192, 4839486385094656, 5742547148406784, 4627230419648512"
"5673040634314752","K-cup꿀하린🍯HARIN","da2018","KR","6023","5","3","6525779178487808, 5745284381802496, 6287810849079296"
"6687286190342144","은아","Y2ujin._","KR","8238","7","2","6530979913072640, 5652773686280192"
"5314440357281792","하윤","asdfzxcv","KR","4111","2","1","6091050735304704"
"5356650787700736","세림잉","serimm11","KR","4651","108","4","5516937539682304, 5658483165954048, 5581932485214208, 5934967357112320"
"5275074515763200","모구모구🍑 mogu","moguu__mogu","KR","15426","19","8","6651629143654400, 6326035593494528, 4742889265823744, 5786106474987520, 5738377904193536, 5351273607856128, 5320482834219008, 6160496975478784"
"4646277012062208","채라 Chaera🐹","chae__.ra","KR","5429","31","13","6064895805292544, 5937619996049408, 5076343946870784, 5934642701205504, 5759417446498304, 6491602989940736, 6698325353234432, 5304540519923712, 5404307367329792, 4776349373693952, 6331872533413888, 4874376195145728, 5183711354093568"
"5409713759780864","ddiddi","ddiddi","KR","4652","52","5","4921952352731136, 4818895984852992, 6225975483498496, 5889954697052160, 5280240709992448"
"4908035789094912","미시차유리","MissyChayuri","KR","4537","23","9","6225975483498496, 5212214167142400, 6755054590427136, 5870461459628032, 6345561143574528, 5529228097421312, 6207660232998912, 5513933169229824, 6296015248490496"
"4662511717384192","지아🌸apple zia🍎🌸","zia__seo","KR","3530","14","1","6313247479365632"
"5941859422437376","이린","2lyn_98","KR","4688","11","5","5652773686280192, 4733466932609024, 5563188243529728, 6000249764970496, 5687368053686272"
"6539938813050880","유망고","umango","KR","3203","9","2","5106936027414528, 4585350913785856"
"5171065413369856","미스김 누나🖤","women2025","KR","13497","151","33","5563188243529728, 4552587147083776, 5062751263326208, 4631371785109504, 6214823597768704, 4788665818742784, 5071262075387904, 4839486385094656, 4892906903109632, 5870461459628032, 4879705769312256, 4517453310787584, 6101474473738240, 5528871798439936, 4823374318731264, 6610498492891136, 5983877481037824, 6698325353234432, 5366006161473536, 5393802744496128, 6207660232998912, 5882932947517440, 5477049423495168, 5668152606064640, 6647620184702976, 4585350913785856, 4946977258078208, 5544433575395328, 4550624347881472, 5242002691719168, 6457903536275456, 4787191173808128, 6042174494015488"
"5471747361144832","오하임","ZRATnURZF3","KR","3033","4","4","5514713845792768, 5351525427511296, 6473551678996480, 5191324864348160"
"6262927209070592","유치땅","youchi0_0","KR","7712","60","13","6046411302764544, 4532136367554560, 6447711243010048, 4754161489739776, 5895229769842688, 5565227258937344, 5878484646559744, 6179362190524416, 4979815635288064, 6697804379521024, 6643898853294080, 5756793199853568, 5391915713101824"
"4964788154007552","쑤 Soo💋","swai_sy","KR","6355","6","5","6345561143574528, 5212214167142400, 4733466932609024, 5067447980589056, 6236026741063680"
"5633609886269440","마롱🦢","killyoug","KR","3231","22","6","6504356883136512, 5904112258973696, 5852150420602880, 4974375087570944, 5159402046029824, 6707839457624064"
"5639955095224320","LIKEY official ❤️","likey_official","KR","3133","6","4","4590157227687936, 5816023233658880, 5388099613425664, 5540986350272512"
"4824163110682624","민서하🍦Seohavivic","seohavivi","KR","3698","12","5","6539948659179520, 4585044137148416, 6650918250283008, 6390051460481024, 4960457862217728"
"4536372480376832","퀸유니🐰","znTREDhPj1","KR","3000","1","1","5796520303329280"
"5749434189938688","유자 UZA","uza1004","KR","3000","1","1","6120143084257280"
"6403615310807040","Harusaki","Harusaki","KR","3815","30","3","4593203312394240, 5198274823782400, 4582072405524480"
"5527788985712640","도영_დ","QUEEN_DY","KR","2777","7","2","5359736945704960, 5816133722767360"
"6554877098655744","레이💋","reiiii","KR","5219","48","21","5181512796536832, 4927644498198528, 5742547148406784, 6707839457624064, 5622982205374464, 5755542481993728, 6651577322242048, 4511785636724736, 4645956059594752, 6070774112911360, 6518341682659328, 4796259332587520, 5544433575395328, 6385816738594816, 6187706737688576, 6419507285524480, 4946977258078208, 5375845601443840, 4686831691169792, 6723315784941568, 5428680593702912"
"5416894833164288","김그냥","kinnjust","KR","5522","103","44","5563188243529728, 5404307367329792, 5657303726227456, 4607858308218880, 6004810071474176, 5217382172917760, 4672722404835328, 4874376195145728, 6582814902517760, 5241906845777920, 5664083787579392, 6536333259636736, 5850453296349184, 5818993728618496, 5756014157889536, 6107417956909056, 4637032562163712, 6556022138339328, 4834510481260544, 5756888548638720, 6727477955461120, 5719046266421248, 5758869852454912, 6042174494015488, 4802850450505728, 5153514444423168, 6057000115699712, 5469707331239936, 5505378377596928, 5172968409989120, 4508304659513344, 4816571395670016, 4834774044508160, 4946977258078208, 4948802135785472, 5120416142917632, 5862741691465728, 5928979083231232, 6058673051664384, 6351157735063552, 6457903536275456, 6740898123415552, 5805926677020672, 6182505041690624"
"4831181608779776","유수정","crystal613v","KR","3391","23","12","5675642468564992, 6077934104281088, 4979815635288064, 4617404993110016, 5870461459628032, 6551943457734656, 5928979083231232, 4585350913785856, 4888759031824384, 5993341448683520, 6647620184702976, 6345143797088256"
"5539614912872448","양이","pilaxxs","KR","4350","52","15","5959486201331712, 4705412683988992, 5563188243529728, 5062807596630016, 5874987392237568, 6590290702761984, 4585350913785856, 4645956059594752, 5678636116738048, 5726870722248704, 6261586615140352, 5514049006403584, 6333307378925568, 5245868723535872, 5492851669663744"
"6641487649636352","한겨울","WinTer","KR","4774","71","7","6486634350706688, 5135827469729792, 5377931595677696, 6551943457734656, 6625322185457664, 5213829377359872, 6461534164287488"
"5473270234152960","서진","duri1004","KR","3741","14","3","5212214167142400, 6733903944679424, 6298023231553536"
"5568355824631808","꽃비","pilatesflower","KR","2998","18","8","5699155214401536, 6316263186694144, 4898759218757632, 4825304741904384, 5188272310648832, 4888688996843520, 4915295845679104, 6707839457624064"
"6554528316981248","라임이","laimi_cute","KR","5240","51","32","4546594873737216, 5946243383885824, 6267360133382144, 4530582212247552, 5745524409958400, 6552996616732672, 5670938983596032, 5087190861086720, 5156068935991296, 4929167682502656, 5999667579781120, 6050185898491904, 6053213325426688, 6156103286390784, 6229979533869056, 4885936672538624, 6694672852647936, 4553615350497280, 4691454729453568, 5375845601443840, 5660129558069248, 5865801773875200, 4891667506003968, 5026949811470336, 4595541751300096, 5620199523745792, 5921231757770752, 6187706737688576, 6707839457624064, 6723315784941568, 5940151052337152, 5311002776240128"
"5269601329676288","시은","Si_Eun","KR","2333","3","2","4901429133377536, 6662107454832640"
"6209815567335424","셩셩","susan__k__03","KR","2333","3","2","6418152421195776, 5568097306214400"
"5222787872587776","섹밍","sexyminji12","KR","2232","4","2","6447711243010048, 4623157748957184"
"5947099806105600","ยูจิน 🌸","xx.jen_n","TH","2221","11","1","4607858308218880"
"4618902449618944","서하 SEOHA🪄🪽🐰","seo_H_a","KR","7947","95","50","4848005521473536, 6644817714544640, 6351157735063552, 5741267667582976, 5756014157889536, 5045230390607872, 5978989933494272, 5212021164539904, 6724974225719296, 6697236348338176, 6474543038398464, 6741875282214912, 6280138812751872, 4975655088160768, 5832251762671616, 4623321218088960, 4867155418808320, 5714088875917312, 6677320720515072, 5668152606064640, 4521961519775744, 6330657694482432, 5818993728618496, 5070278758039552, 5850879199084544, 5105082797522944, 6727897855098880, 4926725038604288, 5557856264126464, 5561050918486016, 5797400323948544, 6291615710773248, 6511570206654464, 5635205728960512, 5969088721518592, 6604302732951552, 4575169648066560, 5870461459628032, 6042174494015488, 5668049025957888, 5805926677020672, 6561714330992640, 6287810849079296, 6428229523865600, 5190388285505536, 6041793248559104, 6697483737038848, 4960457862217728, 6104639414140928, 5587713912537088"
"5318039216259072","요나 YONA","yonacos_","KR","2201","29","1","5037241711919104"
"4794224697606144","선미","cherry_soda","KR","4403","44","12","6707839457624064, 5371023404695552, 5991790596521984, 5346181168103424, 5608679297843200, 5217382172917760, 4927644498198528, 5616775203061760, 6063476189626368, 5796302794457088, 6710230542843904, 6546904549883904"
"6093074900123648","이두나","duna_._","KR","3806","15","5","5399440666066944, 5742547148406784, 5173063210696704, 4514157157023744, 5253011171639296"
"4873739163729920","🐰나나윤 nanayun🐰","nana.un","KR","3531","97","16","4940859688419328, 6196883527434240, 6010138017529856, 6225975483498496, 5336580720820224, 6557491565625344, 6057000115699712, 4530582212247552, 6714931656327168, 5190388285505536, 5387980568592384, 5172968409989120, 5862741691465728, 5937619996049408, 5570132094550016, 5870461459628032"
"4675662247690240","첼설아","sul_.p","KR","3935","14","9","4856759349805056, 5112865116520448, 6066786409709568, 5098007995547648, 5175488273383424, 6345172798275584, 5400544609894400, 5627263758565376, 6058449723129856"
"4980369687511040","윤소민","mangu00","KR","4295","109","8","5885451207245824, 6530979913072640, 6662107454832640, 5864483259285504, 5375845601443840, 5929987966107648, 4653834955456512, 5894485755953152"
"6291184182165504","bell","beebell.ll","TH","2962","36","11","5021618234654720, 6290329996951552, 6334120813854720, 5697320548892672, 5375220791836672, 6288722766462976, 5492851669663744, 5388552198750208, 5686620798648320, 5861894446186496, 5299908708073472"
"5399219199606784","🍑큐리 curi🍑","Korean_peach","KR","3734","44","17","5212214167142400, 4823120983949312, 6016634431143936, 5034409052143616, 4982815871336448, 4645271454482432, 5503678151524352, 5358700074958848, 6491602989940736, 5546465459240960, 6296015248490496, 5117234487951360, 4672260776984576, 5361845383593984, 5477889454833664, 6018226528780288, 5662577084530688"
"5988185869451264","Luna(루나)","lunakim","KR","1455","5","2","4781812852260864, 6647620184702976"
"6362023896219648","예지냥🐱","Yeji.nyang","KR","1437","10","4","5966534835830784, 5046935352442880, 5227536042885120, 5480364285755392"
"6212246498770944","Yuna🫧","yuna_7777","TW","1686","38","9","6231375901556736, 4547762076188672, 6580104263958528, 4742345837969408, 5091520669745152, 5170510789017600, 6018081718730752, 5960108518604800, 5021618234654720"
"4696792136482816","냥네코","xexxl_","KR","2536","9","5","5212021164539904, 6744847463350272, 5171607108714496, 5738114358050816, 6057000115699712"
"5222960753475584","TOJI","kFAmCXycu4","KR","1444","4","2","5820279965155328, 5637236969504768"
"5506120572272640","냥쮸","meowzzu","KR","7071","58","38","5563188243529728, 4958104522391552, 5956894630019072, 5644215856070656, 5896003196747776, 5108983039000576, 5637236969504768, 5405601507966976, 6317157020401664, 6484392430927872, 5929906153259008, 6719167279988736, 5038766086291456, 6625703231684608, 5098652459139072, 5825431541252096, 6625322185457664, 4808362773643264, 5623328212320256, 4820885421883392, 5549469262348288, 5657303726227456, 5687061436039168, 6707839457624064, 5386164506918912, 5430551766695936, 6402791203209216, 6417257091432448, 6729008154542080, 4736601974571008, 5026890516594688, 5219159689265152, 5952669897064448, 6217127054082048, 6375188798439424, 6504356883136512, 4569164392103936, 6010509208125440"
"6043741930979328","콩이콩이 konge💉🏥","wooopl","KR","1468","25","6","4893830365970432, 4960457862217728, 6287447824859136, 6474543038398464, 5817057326989312, 6296015248490496"
"5043394097381376","연우","Yeon_woo","KR","1344","4","2","5023183529639936, 5864483259285504"
"5288108310593536","연유네코 Yeonyuneko","yeonyuneko","KR","1233","4","3","5352792866881536, 5658483165954048, 4891667506003968"
"4998527651610624","박민지","hsh5085917","KR","2766","18","10","5241906845777920, 6387509099364352, 5817057326989312, 4675689036054528, 5074963058982912, 6740874945036288, 4694564319461376, 5477049423495168, 4946977258078208, 5894485755953152"
"6643809293238272","수린🎀","zzoohee","KR","2965","25","9","5471727384920064, 6393550112948224, 5401322871521280, 5212214167142400, 4675689036054528, 5870461459628032, 6180856553930752, 6030739849936896, 5242002691719168"
"5290415793307648","꽃분이","ggotbun2","KR","1392","19","3","5991790596521984, 5675642468564992, 4517875492454400"
"5867587449847808","효영이","hyoyounge","KR","2324","13","8","5062751263326208, 5528871798439936, 6617010729975808, 5074963058982912, 4956911054946304, 6723315784941568, 4787191173808128, 5188272310648832"
"5114540947472384","솔미","s_solmi_","KR","7815","11","10","4880424874344448, 4525021177511936, 4934602074554368, 5768703645581312, 5299370855563264, 5940662895837184, 6634348776128512, 5120416142917632, 5937619996049408, 5506055587168256"
"5300642942615552","망나니❤️","fashiondesigner","KR","1115","2","1","5713217495564288"
"5450394137067520","おにぎり🍙","onigiri43","JP","1115","2","1","5507992584519680"
"5050592370294784","남보라","Boradol2","KR","1237","4","3","6353221348163584, 5514049006403584, 4514157157023744"
"5533620769980416","솜이","some_s2","KR","1455","5","3","4916518445252608, 6497849682558976, 5321713854251008"
"6426510271643648","단비","_Vo__Vo_","KR","1385","23","7","6605349383897088, 6042174494015488, 5120416142917632, 5375845601443840, 5335410600181760, 6457903536275456, 6057000115699712"
"4872831632474112","밍밍","mingming","KR","1820","13","8","4929230032011264, 4908478242029568, 5790183841464320, 5637236969504768, 6625322185457664, 5190388285505536, 5907792638705664, 5614693430132736"
"5343687623376896","구우리(o0ori)","go0ori","KR","1665","15","9","4935196195225600, 5159402046029824, 5932055048290304, 4528980291289088, 4771579594866688, 5351525427511296, 5662577084530688, 5633172610285568, 5921231757770752"
"5153496488280064","라무무","lamumuyo","KR","1277","7","2","4824472390336512, 6115732940455936"
"5462247474397184","승무원 줄리 FA Julie 🔞🛑","FA_julie","KR","1422","4","4","6092822314024960, 6174166534520832, 4800294699597824, 5870461459628032"
"5994882929590272","마루에몽","maruemon","KR","1133","3","2","5962178632679424, 4979815635288064"
"5244849940135936","Nokia","nokia.sutasinee","TH","1116","2","2","4826782678450176, 6664088882315264"
"6242184604811264","야누 YANU","yanuasmr","KR","1111","1","1","5378411566530560"
"5711078147883008","순둡","dub.zzang","KR","2220","16","8","6504356883136512, 6435739152547840, 6448873693642752, 4893830365970432, 5810592825606144, 4544944675880960, 6457903536275456, 5757928846131200"
"6414664420163584","애순이","aesoon_96","KR","1233","3","3","6664855356637184, 5870461459628032, 4838509314441216"
"5665983207505920","라희","serenity0504","KR","1111","1","1","5320482834219008"
"4830429519740928","심유이 YUI","simyui82053","KR","3135","30","11","5320482834219008, 6331872533413888, 6431665048911872, 5057333332869120, 5612310866821120, 5191572365574144, 5261066784276480, 5100837795987456, 6148369920753664, 5870461459628032, 6032922262044672"
"4692953471844352","민지🐻","SA940425","KR","1111","1","1","5470277116231680"
"6538340185538560","GOPA","nan_baegopaahh","KR","1122","2","2","4733466932609024, 6497849682558976"
"5728745617948672","밈미 Mimmi","Mimmissu17","KR","2444","4","4","5780310080749568, 5040511516540928, 6431665048911872, 5904112258973696"
"4713579245928448","예봉 yebong","kamoyebbi","KR","1465","9","6","5718811040940032, 5208279936204800, 5929987966107648, 6692790769090560, 4749759051857920, 5086717966352384"
"5549459959513088","예솜 Yesom 🍬","ssss1111","KR","1116","2","2","4706840680136704, 4585350913785856"
"5997123074326528","리츠코","ritsuko","KR","1483","22","6","5679222069395456, 6412768803094528, 5116596827586560, 4960457862217728, 4750845708992512, 4979815635288064"
"5806534468763648","엘리스","elicek","KR","1413","13","7","5652475800190976, 6298023231553536, 6026728537522176, 5106936027414528, 6647620184702976, 5159402046029824, 5025977425133568"
"5289409643741184","연우💋","abd9024","KR","5322","36","13","5664083787579392, 6058830811299840, 5187514436812800, 6226287415656448, 5703397772689408, 6551943457734656, 5633172610285568, 5934642701205504, 4571719568392192, 5837067414011904, 6045372087336960, 5113189445599232, 6723315784941568"
"4623571743735808","Akatsuki Rei🐰","akatsukireii","CN","1536","8","4","6225975483498496, 5637343883231232, 4563842845835264, 5570132094550016"
"5534127610855424","しおり🐰shiori🇯🇵","shiorin___888","JP","1004","1","1","5647093219262464"
"6574771944095744","Fairy 禹霏@170 Beauty","z_fk_z","TW","999","3","1","5106936027414528"
"6493662858772480","SERA","se.xxra","TH","909","5","4","5241906845777920, 4802850450505728, 5432493790003200, 6390051460481024"
"5747686178619392","🦌小鹿斑比🦌","__ig.812","TW","777","1","1","6243514854866944"
"4576363277385728","시유🫧","siyou1004","KR","932","6","4","4831689855336448, 4879705769312256, 6617010729975808, 5657303726227456"
"6355722372710400","Lynn_許小葆@170 Beauty","forever440295","TW","777","1","1","5169973791096832"
"5605074481774592","김버섯","Kimbusexy","KR","1036","12","6","5002162157453312, 6479442968903680, 4800294699597824, 5312135403995136, 5719768366841856, 5570132094550016"
"4643022940864512","이나","xlovxena","KR","821","5","2","4996436237418496, 5120416142917632"
"4720623272263680","[NY]나연✈️","nayoni","KR","1420","35","7","6071589919719424, 5991790596521984, 4823120983949312, 5896003196747776, 4564989088956416, 5903836193685504, 5106936027414528"
"6613555748208640","루아🫦","ming7891","KR","642","11","3","4996626595577856, 6603453965205504, 5563188243529728"
"6315181959479296","🍑해원🍑","hawopalng","KR","2511","49","19","5976069538775040, 5782900026703872, 5363283299336192, 6603453965205504, 5559363647111168, 5581932485214208, 5343475677724672, 6661022131748864, 4839254406660096, 5561957558321152, 6396183026991104, 4764591365881856, 5838344148942848, 6248233420652544, 6482874528366592, 6331872533413888, 6174166534520832, 5120416142917632, 6530013097820160"
"6447622695092224","미소","misoooo","KR","511","6","2","4693117576740864, 5633172610285568"
"5902059322933248","1998_11_04","1998_11_04","KR","511","6","2","6285049614368768, 4851615150571520"
"6081413298454528","장미🌹","lovelymii","KR","1879","81","18","6694328403361792, 4879705769312256, 4867155418808320, 5784944551788544, 5870461459628032, 5612310866821120, 6036695060905984, 4645956059594752, 4585350913785856, 5882932947517440, 5615607983833088, 5830913994981376, 5177975806033920, 5544433575395328, 5705816533237760, 4530582212247552, 4725476817043456, 4943604247363584"
"6487706888896512","한지나","gnaS2o","KR","444","4","1","5612310866821120"
"4792898626453504","예빈","dd_o_o_bb","KR","743","13","7","5719046266421248, 4623956795654144, 4580513651949568, 5120416142917632, 5233566694572032, 6042174494015488, 6723315784941568"
"5333828074536960","박레미","Park_Remi","KR","443","10","1","6331872533413888"
"4743633474289664","수미깡❤","sumi.kang_1204","KR","411","5","2","5870461459628032, 6287810849079296"
"6635004969746432","Sumin🐭","rattybot","KR","399","5","2","5335459621109760, 5583072733495296"
"6158743089512448","브리(🧀)","BRIECHEESE","KR","521","11","4","4567622240763904, 6028807798849536, 5439830625550336, 6551943457734656"
"5346943669829632","뜨뿌야","030_0c0","KR","843","51","8","6536333259636736, 5358700074958848, 5587713912537088, 6670193315938304, 5120416142917632, 5505378377596928, 5836642402369536, 5830703133687808"
"4633227935547392","백졔","Jihye.kr","KR","622","18","3","6351157735063552, 6016634431143936, 5161975218896896"
"5862966052454400","소정","2sojun","KR","443","6","3","4927644498198528, 4675689036054528, 5346181168103424"
"5895622524469248","복숭아 🍑","yeonjoo","KR","299","6","1","4627230419648512"
"6174643045335040","또영🎀","agary10","KR","376","8","2","5924826109509632, 5673910635134976"
"5575851188092928","🎀선코밍🎀","Serena","KR","268","18","2","6298023231553536, 5245868723535872"
"5700093190864896","baby pink","pink02","KR","366","6","3","5023144546795520, 5870461459628032, 5908737259601920"
"5396971677876224","탱글지림🖤","abcdefxxk","KR","410","10","3","6606104371068928, 4861229542211584, 6042174494015488"
"6291228295626752","앙모찌 angmochi🐚","angmochi","KR","333","4","2","4552587147083776, 4524757488631808"
"5007990383771648","Biz비즈💕","bizbiz","KR","366","6","3","5212214167142400, 5622982205374464, 5882932947517440"
"5671899241447424","대만Karina啾啾🎀쮸쮸","chu5299","TW","222","2","1","5106936027414528"
"5189194833002496","허거덩스","Dongsdongs","KR","222","2","1","6408108509429760"
"5777827008741376","시라","sira_nyang","KR","455","5","4","5020330881843200, 5929987966107648, 5583832013144064, 5658483165954048"
"6632812180209664","유키","yourkawaiyuki","KR","222","2","1","4607858308218880"
"5466400114147328","𝒀𝒊 𝑺𝒆𝒐(이서)","yiseo1202","KR","696","28","12","5581547863343104, 6594755259596800, 4759599771942912, 6112016497246208, 6187706737688576, 5723012627038208, 5117234487951360, 5031460222337024, 5089985066565632, 4664493017858048, 5894485755953152, 6457903536275456"
"4959048000798720","니야","skskdd189","KR","222","2","1","5637236969504768"
"6109648231727104","은지💕","lovely_______ej","KR","271","7","5","5444072370995200, 5477167546564608, 5360515027894272, 6070719910576128, 5489566704402432"
"6057369898188800","박아람","aram._ing","KR","410","7","4","6114198107848704, 6156103286390784, 5929987966107648, 6647620184702976"
"5102625152499712","퓨딩","pureding_2","KR","355","6","5","6521481663938560, 6698144031244288, 5407356425732096, 6010138017529856, 5926420359282688"
"6328463891955712","Nyx🌙","nuit_nyx","KR","393","10","5","5995036987817984, 4850749499375616, 5375845601443840, 6287810849079296, 6737013043429376"
"5127853653950464","eva","evawxsh","KR","643","12","8","6573588628766720, 5889954697052160, 5687061436039168, 6303056085647360, 5654684532670464, 6309540611031040, 6558624863289344, 5794135214981120"
"6683195731673088","미야옹🐱✨","meow__","KR","322","4","3","6391994387726336, 6687647755730944, 6556022138339328"
"5796568576098304","연주하는곰탱","vbears2","KR","365","11","5","6331872533413888, 5571519713574912, 4800294699597824, 5569277598957568, 6262732249825280"
"5631584054935552","탱그링💗","tangleee","KR","197","7","3","6369241609732096, 5242002691719168, 4562293586329600"
"5200475557396480","凌晨 Ling Chen","qaws_1109","TW","166","2","1","6606104371068928"
"6553764611948544","루비","fyKkhfHHg8","KR","388","4","3","5742547148406784, 6245116084813824, 5769732914479104"
"6174156216532992","꽁주","ggongju","KR","277","3","2","5929987966107648, 6324314041417728"
"5824692253229056","김전요","jeonjapayojeong","KR","188","8","4","6331872533413888, 4838509314441216, 5574272133431296, 6529016833310720"
"6231601240145920","지니","an_xna_","KR","625","14","8","6692790769090560, 6323824217096192, 5637236969504768, 4736601974571008, 4797726639456256, 5298021734350848, 5774416461234176, 4879705769312256"
"5153487409971200","芯寶ㄦ","xinyu0427s","TW","356","23","6","6333405652123648, 5802545681072128, 5132411446558720, 5045143909236736, 4743488889225216, 5961140329644032"
"5719657313140736","나홀이","snhw252","KR","255","5","2","4956913889247232, 6662107454832640"
"4522608833462272","진희냥","necomimi","KR","141","7","1","6124390329483264"
"6584306857017344","심쿵가온 kimgaon","pkjy1003","KR","166","6","2","6017775185494016, 6647620184702976"
"5957236484669440","[BB]비비","1004162freesia","KR","266","6","4","5581473156825088, 4927644498198528, 5477049423495168, 4946977258078208"
"6464055508533248","나비","3.0st_","TH","347","17","7","6596215883104256, 6746568053161984, 5870461459628032, 6351157735063552, 6181691879456768, 4960457862217728, 5908142300135424"
"6398710329704448","mimo","mimo101","AT","222","3","2","5992140521406464, 5361892622270464"
"4653291558207488","딸랑이","Mallang_i","KR","298","18","3","4927644498198528, 6617010729975808, 5273812964278272"
"5675134720606208","🌼🌻🌼","zzopy113","KR","148","6","5","5651880938110976, 5463565987414016, 5086717966352384, 4614440547647488, 6551943457734656"
"4930651438252032","수콩이","Su_Kong2","KR","244","4","3","6029881227018240, 6582814902517760, 6625703231684608"
"5004374177021952","나나","nana12341543","KR","233","3","2","4946977258078208, 5062807596630016"
"6642980720148480","☁️하늘이☁️sky☁️","hny1208_","KR","522","24","14","5657303726227456, 4823374318731264, 4860589662928896, 6329932313591808, 5587713912537088, 4694564319461376, 4946977258078208, 6491602989940736, 5429705536503808, 5573584162258944, 5894485755953152, 4614440547647488, 6689114693107712, 4960457862217728"
"5256471523426304","🔮","jiyuul","KR","122","2","1","5312610622963712"
"6723653031100416","민하 minha","minhaa_","KR","255","5","4","4583436728860672, 5633172610285568, 5913611266621440, 6674737003692032"
"6109768758394880","Meow ≽^•⩊•^≼ 서연 🍼","nana_03","VN","121","4","1","6596215883104256"
"6201928904278016","가은","rkdmsxxq","KR","111","1","1","4623956795654144"
"6219665749770240","하나","hana001","KR","111","1","1","4673667017670656"
"5504359328972800","사루","SSSa_Ru","KR","222","2","2","5869111552966656, 5969088721518592"
"6101234002100224","쭈바❤️","gkgus0214","KR","111","1","1","4806107095171072"
"4693888909639680","시즈카","cizuka","KR","155","5","4","5159402046029824, 5153514444423168, 5117179361165312, 5817057326989312"
"6028403068502016","모모리","m5m5_2_","KR","133","3","3","5938503490600960, 5658483165954048, 4552080678060032"
"6506271192842240","엑스","ixovever","KR","116","2","2","6605349383897088, 6298023231553536"
"6169656603508736",".","Ori_Kim","KR","259","7","5","5392994812493824, 6606104371068928, 5535334571507712, 5977233543069696, 4614440547647488"
"6356192360005632","루아","milkuyu","KR","122","2","2","5528871798439936, 5574272133431296"
"6011857565581312","소소🎀碎碎wp.06s","wp.06s","TW","111","1","1","5878484646559744"
"4572800544342016","Junmai Ayano","ayanopi_","JP","111","1","1","5914248452308992"
"5230805596897280","Taeha태하냥","tae_ha_xx","KR","552","12","8","6194895779594240, 5075083099242496, 5392811672862720, 4960457862217728, 6434530127052800, 5870461459628032, 6337185139458048, 6709374488215552"
"6317722738425856","PINGU","_littleppj","TH","111","1","1","5338715334443008"
"5479751875362816","베리 🍓","very_berry","KR","133","3","2","5089070489534464, 5124108008488960"
"5533185811349504","민주💖","ooonon214","KR","111","1","1","5934642701205504"
"5998106712014848","미주 chu 🎀","mijoo1211","KR","111","1","1","5062807596630016"
"4985575213760512","솜솜이💕","roro_706","KR","288","4","4","5238420877148160, 5870461459628032, 6219927855431680, 6156103286390784"
"5484808125874176","고라니율","golaniyule0","KR","122","2","2","5655721032220672, 4838509314441216"
"6271575959339008","혜선이🎶","pak134679","KR","111","1","1","5657303726227456"
"5628591339274240","혜쥬","heayu1","KR","182","8","7","6521481663938560, 6172857072812032, 5018313036070912, 5463565987414016, 5561050918486016, 5862741691465728, 5894485755953152"
"6456131054338048","Anna🍑안나","angna98","JP","111","1","1","4706772231651328"
"4829175631446016","Jisam 👄","jisamss","KR","122","2","2","4706772231651328, 6214009586843648"
"5112568879054848","Pei Pei🩵","pei0827oO","TW","166","6","2","6431665048911872, 5120416142917632"
"4729750938255360","may.e🍑","mayeee","KR","111","1","1","6672373854568448"
"6340347406385152","다영이❤","Dayoung_99","KR","111","1","1","4675689036054528"
"5338517480865792","Yaipeachy_🌷⋆.ೃ࿔*:˚˖","accpeachy","TH","111","2","1","6381373037412352"
"4577489721294848","콩덩이","kkkong","KR","111","2","1","4517453310787584"
"4539874717007872","Lynn 琳琳 @170 Beauty","kumatan0531","TW","111","1","1","5106936027414528"
"4966497623670784","Anna Coco @170beauty","annacoco.co","TW","116","2","2","5106936027414528, 4600631733059584"
"4613106610274304","♥️덩이♥️","heeyome","KR","299","10","6","6249765762301952, 5870461459628032, 4750845708992512, 5177975806033920, 5882932947517440, 6207660232998912"
"5091801079283712","냠냠유아🤤💛","njS0PtmC","KR","122","2","2","6079822966620160, 5089985066565632"
"6035749852741632","우주","pigrabbit","KR","322","3","3","6225975483498496, 4561287627210752, 4960457862217728"
"4881876215070720","하우","oopwety","KR","111","1","1","4607858308218880"
"4744454618611712","신비🔞","Mika0611","KR","596","17","15","4638531464265728, 4799610661765120, 6014297475055616, 5802000840327168, 5583059361333248, 5758869852454912, 6323050233659392, 4691454729453568, 4776349373693952, 6187706737688576, 6589950986092544, 6029881227018240, 5188272310648832, 5086717966352384, 5601470886117376"
"6750648168153088","한여은(chloe)","chloeye_han_ai","KR","111","1","1","5062807596630016"
"5899221773647872","체리🍒","user999","KR","111","1","1","5191502084046848"
"5254086732939264","빈💋","n486486","KR","166","6","2","5632872746582016, 5870461459628032"
"6102169417023488","유진쌤","rWM76pUuA","KR","111","1","1","5637236969504768"
"5140658844598272","찌깡","su99716","KR","111","1","1","5637236969504768"
"4798192687841280","정다별이","jdabyeol2","KR","122","2","2","5637236969504768, 5373480675770368"
"4902593447723008","유요 UYO","rh__ab","KR","111","1","1","5637236969504768"
"5480379087781888","지은쌤","ssamjeeun","KR","222","3","3","5929987966107648, 5991790596521984, 5921231757770752"
"6688550758187008","도 화 桃花","xx_dohwa","KR","255","5","5","6050185898491904, 5506449133469696, 6187706737688576, 4517875492454400, 6707839457624064"
"4892397674889216","옌니","y_ennni","KR","111","1","1","4696158186307584"
"5226643074121728","냥코코","coco.meow","KR","111","1","1","5506449133469696"
"6480022501916672","난나_nanna","nunnu_you","KR","220","8","5","6195895310548992, 5583059361333248, 4585350913785856, 6551943457734656, 6723315784941568"
"6597837481377792","스릴러 Thriller","thriller","KR","111","1","1","6408108509429760"
"6644052302561280","규규","gyugyu_","KR","111","1","1","6408108509429760"
"5356832317177856","Belllab","Belllab","TH","121","3","2","6423759907127296, 5712229044518912"
"6091049340370944","🍑꿀떵이🍑","Honey_hip","KR","111","1","1","5870461459628032"
"6058667832901632","썬스키 Ssunskey","ssunskey","KR","111","1","1","5870461459628032"
"5887692999557120","saha","saha_cos","KR","111","1","1","6571342256013312"
"4671843727835136","Mimi💋","eunmicii","KR","143","13","4","5242002691719168, 5128052830109696, 5800348249096192, 6236026741063680"
"5682428762128384","꾸뿌","ggubbu","KR","121","3","2","5870461459628032, 5067447980589056"
"5705778151358464","코지혁","Cozy_hyuck","KR","166","13","3","6468300407242752, 5342500722638848, 5819531017781248"
"4837930550099968","霜月めあ/Mea Shimotsuki","meameachan","JP","100","1","1","5447520160514048"
"6550807354998784","Anchalee","longaun","TH","100","1","1","5212214167142400"
"6610118421053440","Joanna🎀沐沐","joannalin724","TW","100","1","1","4678958194163712"
"6205036633980928","이치echi","echi_h","KR","100","1","1","6471738097598464"
"6545236498448384","체리🍒","skylacho","KR","100","1","1","5870461459628032"
"4763773593518080","채솔 Ssolar","chaessol_","KR","100","1","1","5870461459628032"
"6002571433345024","연시💓yonsi","sexytage777","KR","176","8","4","6653263303737344, 5297501259497472, 4908374167453696, 5559363647111168"
"6040147395280896","유부녀🍼한나🍼","hanna_1221","KR","66","6","1","6577715634307072"
"6383511881449472","정구 Jung gu","junggu12","KR","69","9","2","5041945523191808, 4628151248158720"
"6210575216279552","다키💓","davely","KR","60","6","1","5120416142917632"
"6515400280965120","菈小菈","lalalalala0730","TW","60","2","1","5108519817904128"
"4685398224535552","Berry 빛베리 ✨ほしの ベリ🍓✨","berry0314","KR","55","1","1","6248386287304704"
"5154546915672064","럭스(Lux)","lux0_0","KR","93","5","3","6692790769090560, 4585350913785856, 6539722878222336"
"6056414047043584","わたあめふわり","watasi_cha","JP","55","1","1","6201942034546688"
"5925847041245184","야화🖤","yahwa__","KR","55","1","1","5972532624687104"
"4755633610752000","セリヌン","serinundayo","JP","55","1","1","6201396023197696"
"4631063934730240","葵葵❤️","yayababy5507","TW","50","10","1","4585350913785856"
"5262278641516544","도희🔥","do_ohee","KR","61","11","2","5870461459628032, 5544433575395328"
"4883533657210880","poki","Poki6624","JP","44","4","1","4878007916494848"
"4825622133276672","Misuru みする","misuru.kawaii","MY","49","5","2","5358700074958848, 6298023231553536"
"5666424603475968","we","fitbya","KR","76","8","4","5029397521104896, 6740874945036288, 4524757488631808, 4584983617404928"
"6243844815519744","Rara🍒","_cccccd","TW","33","3","1","6225975483498496"
"4782209854406656","방울이","2RRoaa___","KR","33","3","1","5379006679285760"
"4509830077022208","Panda🐼 鈞鈞@170Beauty","dec.yang","TW","33","3","1","4879705769312256"
"5938330074284032","시으니","Sinnny_","KR","33","3","1","6323824217096192"
"6606673588584448","野呂ふわり【わ🍙】","fuwa_nyan","JP","74","10","5","6042200051613696, 4780017513201664, 6418847970164736, 5200322076278784, 6694331888238592"
"6141288045019136","셩이 ♡","syo3o_","KR","27","3","2","5931013605031936, 5205075324633088"
"5444418849144832","주빈..💗(Chub.in9)","jubin9","KR","22","2","1","5638693711118336"
"6369701745459200","냥이🐱","pJyYfkDUd3","KR","22","2","1","6479442968903680"
"6054593144487936","배서윤","suzynyanya","KR","22","2","1","4974375087570944"
"5753786740178944","하으니💜","emilyonii","KR","22","2","1","6042174494015488"
"6095244672696320","소은","Yuki_0","KR","32","4","2","6596215883104256, 4845156668997632"
"4707867975090176","일탈 H-cup🍼유부녀","hbbxx_0727","KR","27","3","2","6057000115699712, 4903025997578240"
"4748831059279872","小喵的喵","Miaoh123308","TW","16","2","1","5492851669663744"
"5677994077061120","오상현 jeremy.hyun","ekakthtk","KR","16","2","1","5041945523191808"
"5981751582982144","솬즈","thkss_swAnz","KR","16","2","1","6550695578501120"
"5274281899655168","xixizyzy","ixyzyxy","TH","16","2","1","6414073890406400"
"6107052348997632","🇯🇵MomoAkiba あきばもも","Momo0312","JP","11","1","1","5691799744086016"
"5841729827176448","이지각","leelate","KR","22","2","2","5658483165954048, 5643811334914048"
"5570060455313408","미오 Mio","mio_love_y","KR","11","1","1","5658483165954048"
"5099939312762880","negi kujyo","negikujyo","JP","11","1","1","5387980568592384"
"5587100440264704","Chopper Ting🇹🇼","chopperting","TW","11","1","1","5057356791611392"
"5575050456662016","횰이🖤","ldhhappy7","KR","22","2","2","5759417446498304, 5463565987414016"
"5986697035710464","夏天","lovesummer","TW","11","1","1","6091219361726464"
"6110041649250304","Chris 彬彬 💪🏻","chrisbinbin","TW","11","1","1","4929863633928192"
"5413005284999168","꿍 💋","d161211","KR","11","1","1","4999029897625600"
"5381637246484480","리사","kkor5981","KR","11","1","1","4960316334211072"
"4958663606861824","🔞토끼 Thỏ🔞🐰","Thoiucarot","VN","11","1","1","6596215883104256"
"5758509620854784","이아이올시다😈","leeeae","KR","11","1","1","6596215883104256"
"6016341817622528","chalisa","chalisa","TH","11","1","1","6653281679114240"
"5597250275442688","해뽀얀","ppoyan","KR","22","2","2","6057000115699712, 5657303726227456"
"4840672240795648","반이서🩵","wbmgJVBye3","KR","11","1","1","6473551678996480"
"6555846158647296","미루","mirumiru","KR","11","1","1","4802850450505728"
"6200817365483520","Doris77","Velvetbunny77","TH","11","1","1","5298021734350848"
"4800206971535360","냐냐냥","cutehotcat","KR","32","5","3","5852150420602880, 5730470174195712, 5912667300429824"
"6177914475446272","쥬아쓰 Juass_","juass_","KR","11","1","1","6207660232998912"
"5450040715968512","푸딩🍮","pudingkkk","KR","11","1","1","6207660232998912"
"6201251302932480","쩡이","alswjd04","KR","11","1","1","5159402046029824"
"6519079795752960","아린이❤️","tmtdd22","KR","11","1","1","6706606521909248"
"5995938039857152","신재은 Zenny","zennyrt","KR","11","1","1","5699320299716608"
"6583132883058688","헤니","456818_luv","KR","11","1","1","6537029626953728"
"6526191008284672","윤개굴이","yoon_froggy","KR","11","1","1","4825304741904384"
"6223303741341696","탱글수아🍑","sooaaa","KR","11","1","1","5805926677020672"
"6378520138940416","새벽","sb3507","KR","11","1","1","6042174494015488"
"6245389814661120","Sherly雪兒莉","sherly0528","TW","11","1","1","6754415960457216"
"5184846084308992","하앙 🫦 하영","gkdud150","KR","11","1","1","5238420877148160"
"5555026506481664","설화 / Seolhwa💓","Godseolhwa","KR","27","3","3","5238420877148160, 5280240709992448, 5979933237968896"
"4854295948361728","햄찌민아","kjuhye20","KR","11","1","1","5790183841464320"
"4813303814750208","은지","eunj_ya","KR","11","1","1","5790183841464320"
"4773434252722176","lRsZbxRM4","lRsZbxRM4","KR","11","1","1","5790183841464320"
"5352378786971648","Pinky Lovely 귀여운 💝✨","hnminhau03","VN","11","1","1","5790183841464320"
"4785801020637184","연우 Yeonwoo","KOREA_AV_SEXY","KR","11","1","1","6551943457734656"
"4879422705238016","가영이🐮","yoonkang","KR","11","1","1","6595821547945984"
"4640553234726912","Ivy_아이비","ivy999","KR","11","1","1","6647620184702976"
"6180961171341312","Baby Dior🤍","BabyDD","MY","27","3","3","4842902474522624, 6594198136619008, 6693447128383488"
"5653513384427520","지아🍼🔞","tiiwzteriiz","TH","11","1","1","4887721919971328"
"6394613566865408","콩이","congcong","KR","11","1","1","5359740821635072"
"5611342982414336","헤라","hera183","KR","11","1","1","6207660232998912"
"6555857854201856","Arin_정아린","arin_jj99","KR","11","1","1","6503992533254144"
"6647310955380736","Vivian","vn_hello","TW","10","2","1","5894549144403968"
"5789869268992000","まめだいふく/mamedaifuku","poyodaifukuya","JP","10","2","1","5185922569273344"
"6085035127865344","닉스Nyx","akimriha","KR","10","2","1","4793639474757632"
"4813106108891136","Jade Nguyen","jadenguyenxo","TW","10","2","1","5986930240913408"
"5892478911840256","라임🍋","lime_hi","KR","5","1","1","4585350913785856"
"6743762502090752","기미원🙉","Monkey_37","KR","5","1","1","4585350913785856"
"4910329538347008","🕷️","bebe_px","TH","5","1","1","5944651185717248"
"5676674068971520","maru🌝【ガチムチ丸顔屋さん】","maru_dora93","JP","5","1","1","5195245827588096"
"5419006176854016","영재 YoungJay","youngjay","KR","5","1","1","6390956971720704"
"6449159059931136","징쥬","o_____o__j","KR","5","1","1","4836586546069504"
"4779545814171648","Elvaevac | 艾娃 🦋 엘바","elvaevacc_","MY","5","1","1","6216118198009856"
"5140487796359168","カモミール 🌼 chamomile","chamomile_chami","JP","5","1","1","5280240709992448"
"5477961163931648","謝薇安🖤Vivian🇨🇦 🇹🇼","missingvivian","TW","5","1","1","5570132094550016"
"4727091496550400","HOTBIN(핫빈)","_hotbin_","KR","5","1","1","6499391386812416"
"5930090488856576","水羽えと♡MizuhaneEto","Etocha_cos","JP","5","1","1","5691778591293440"
"6491165539762176","eluvkitty","aradaeyeee","TH","5","1","1","5913138085167104"
"4602370941845504","Nari 나리","embedangiu","VN","5","1","1","5038196608139264"
"5439055788834816","Yejin 예진🔞💦","lyxinhgai","VN","10","2","2","5570132094550016, 4960457862217728"
"5110959292874752","iicex_❄️⛄️","iicex_","TH","10","2","2","5570132094550016, 6414073890406400"
"4857460407074816","도하♡","KVDSChJCu3","KR","5","1","1","6652394936139776"
"6119765052686336","유아리(임산부)","yuari0000","KR","5","1","1","4645956059594752"
"5340661313044480","Dannyxoh","dannyxoh","KR","10","2","2","5696853128314880, 6596232434483200"
"5929727569362944","marin","maccho","JP","5","1","1","5811224354947072"
"5794637440417792","muayyy","Mamuay_x","TH","10","2","2","5862358287319040, 6521750889365504"
"6215570703974400","meowmint","meow_mint","TH","5","1","1","6643898853294080"
"5406254174502912","데이지","dasiyy","KR","5","1","1","5172968409989120"
"6276826575798272","주나🥇","podo88","KR","5","1","1","4848220808347648"
"6539639522131968","Miyuki 🍼","imyourbunny","KR","5","1","1","6021003950096384"
"5903416177262592","SERINA🐱💗","necoserina","JP","5","1","1","6236782914764800"
"5818553141100544","applezze","applezze","TH","5","1","1","6492971434442752"
"4673861618696192","미호","miho_203","KR","5","1","1","4979815635288064"
"5960772762796032","건이","Geon0609","KR","5","1","1","5771938877734912"
"5595749770395648","Cindy 星野優","zihan.1104","TW","5","1","1","6042174494015488"
"5033097999220736","Alice","xin.yanyannn","TW","5","1","1","6418847970164736"