Uid,NickName,Username,Country,룰렛 Id,룰렛 제목,컬렉션 룰렛,컬렉션 룰렛 천장 기댓값,총 룰렛 하트 수,총 룰렛 도전 횟수,총 유니크 팬 룰렛 도전 횟수,총 컬렉션 룰렛 완성 유저 수,룰렛 가격(평균 룰렛 도전 하트 수),평균 룰렛 도전 횟수,평균 유니크 팬 룰렛 도전 하트 수,평균 컬렉션 룰렛 완성을 위한 플레이 횟수
"5994882929590272","마루에몽","maruemon","KR","4909736974811136","나쁜 손만 허락할게♥","false","0","74300","1486","85","0","50","17.48","874.12","0"
"6311888081190912","🌸Sakuraღ유아💕","sakura_YuA","KR","4887002169409536","🔞ㅂ'ㅈ🦪ㅇㄴ🌸ㄲㅈ🍒(Pus'sy💦)","true","260","64779","1661","111","5","39","14.96","583.59","53.6"
"5275074515763200","모구모구🍑 mogu","moguu__mogu","KR","6355958629597184","모구랑 신년회 하자❤️","false","0","35475","645","45","0","55","14.33","788.33","0"
"6311888081190912","🌸Sakuraღ유아💕","sakura_YuA","KR","5894791985561600","🌸데이트💗실제 Se:x🔥노'모🔞","false","0","31410","698","24","0","45","29.08","1308.75","0"
"5416894833164288","김그냥","kinnjust","KR","4755223500488704","1,2월 룰렛 ♥","true","480","24080","301","55","0","80","5.47","437.82","0"
"6311888081190912","🌸Sakuraღ유아💕","sakura_YuA","KR","5690012642508800","🔞ㅂ'ㅈ🦪ㅇㄴ🌸ㄲㅈ🍒(Pus'sy💦)","true","150","21372","548","38","6","39","14.42","562.42","35"
"6114848568836096","Grace☺葛瑞絲","gemini_0615","TW","5258060219219968","首次露出🍒錯過就可惜囉😈","true","360","19665","437","27","1","45","16.19","728.33","151"
"5230805596897280","Taeha태하냥","tae_ha_xx","KR","4836158547886080","꽝 없는 레더&화이트 2배🆙 룰렛","true","440","18513","561","79","1","33","7.1","234.34","18"
"4618902449618944","서하 SEOHA🪄🪽🐰","seo_H_a","KR","6623813983993856","오늘의 ㄸ감🐰🪄","true","1020","15939","161","49","0","99","3.29","325.29","0"
"4872831632474112","밍밍","mingming","KR","6341134268956672","식데🔞소원권 한정판 룰렛","false","0","14000","140","19","0","100","7.37","736.84","0"
"6311888081190912","🌸Sakuraღ유아💕","sakura_YuA","KR","5046043722055680","⭐만남⭐노:모⭐️애장품⭐구독권","false","0","12540","228","30","0","55","7.6","418","0"
"6209815567335424","셩셩","susan__k__03","KR","5545254481756160","룰렛은 셩셩 😻🩷","true","210","11935","217","44","2","55","4.93","271.25","13"
"6730549089075200","반서지","banseozi","KR","5506600862416896","살스 검스 레깅스 왕자구독권👑","true","2000","11550","1155","40","1","10","28.88","288.75","71"
"4618902449618944","서하 SEOHA🪄🪽🐰","seo_H_a","KR","5585254162300928","새해이벤트🎉","true","1130","11550","175","43","0","66","4.07","268.6","0"
"6291184182165504","bell","beebell.ll","TH","5391248274948096","น้ำแตกกับรูเล็ตฉัน💋💦","false","0","11115","285","67","0","39","4.25","165.9","0"
"5271489036222464","유히키♡","peropero_","KR","6024244548009984","복귀기념 2000원 콜랙션!","true","1010","11000","550","55","0","20","10","200","0"
"6043741930979328","콩이콩이 konge💉🏥","wooopl","KR","4910954518347776","꽝없는 구독권룰렛❤️","true","2020","10700","107","21","0","100","5.1","509.52","0"
"4713579245928448","예봉 yebong","kamoyebbi","KR","5778473902866432","봉이 룰렛🍨","false","0","10200","204","12","0","50","17","850","0"
"4824163110682624","민서하🍦Seohavivic","seohavivi","KR","6355245530808320","🍆비비빅 🍆구독권룰렛","false","0","10197","103","20","0","99","5.15","509.85","0"
"4829175631446016","Jisam 👄","jisamss","KR","5161771741675520","See through🔞1분넘는 영상까지 ","true","50","9850","197","41","1","50","4.8","240.24","21"
"6187465808478208","可凡kofan🎀🐾","kofan_0331","TW","5317686826565632","歡迎來找我玩","true","90","9840","492","31","10","20","15.87","317.42","37.8"
"5253799544225792","🌸아인🔞🌸","Ainnee2378","KR","4658497481539584","색.  대","true","20","9676","164","39","6","59","4.21","248.1","11.33"
"5462247474397184","승무원 줄리 FA Julie 🔞🛑","FA_julie","KR","4756731034009600","[라이키최고수위 보장]실제ㅅ.ㅅ","false","0","9400","188","27","0","50","6.96","348.15","0"
"6554877098655744","레이💋","reiiii","KR","6654413344276480","멤버십 먹기🔥","true","36670","9270","103","24","0","90","4.29","386.25","0"
"6141288045019136","셩이 ♡","syo3o_","KR","5733270613590016","맥심X라이키 미공개🔞","true","240","8940","149","16","1","60","9.31","558.75","48"
"5673040634314752","K-cup꿀하린🍯HARIN","da2018","KR","4994090572906496","섹 /스 파티룰렛","true","220","8600","172","15","0","50","11.47","573.33","0"
"5902059322933248","1998_11_04","1998_11_04","KR","5563260091957248","🥵크리스마스 컬렉션🥵","true","550","8505","243","31","0","35","7.84","274.35","0"
"6315181959479296","🍑해원🍑","hawopalng","KR","6107748476583936","홈웨어🔞","true","110","6975","279","32","3","25","8.72","217.97","37"
"4879422705238016","가영이🐮","yoonkang","KR","6403456605814784","🔞[2월룰렛] 영상 메일제공 꽝없음🔞","true","600","6762","98","19","0","69","5.16","355.89","0"
"5127853653950464","eva","evawxsh","KR","6477684281638912","eva ⚔️-mas","true","60","6760","169","35","2","40","4.83","193.14","28"
"6231601240145920","지니","an_xna_","KR","5207653925191680","바니걸 🐰🤍","true","130","5895","131","10","0","45","13.1","589.5","0"
"4964788154007552","쑤 Soo💋","swai_sy","KR","6045515428069376","구독권&식데 한정판 룰렛💋","true","20000","5700","57","11","0","100","5.18","518.18","0"
"5328002939224064","GGotbbang🌹🍞","GGotbbang","KR","6679564081364992","🌟새해 컬렉션 룰렛 💋신작 업뎃!! All New","true","300","5607","63","11","0","89","5.73","509.73","0"
"5517105789206528","유나💦","jkjk6958","KR","5455820054790144","유나랑데이트❤️","false","0","5445","55","4","0","99","13.75","1361.25","0"
"6141288045019136","셩이 ♡","syo3o_","KR","4737392725655552","산타걸 셩이와🔞영통","false","0","5340","89","20","0","60","4.45","267","0"
"5988185869451264","Luna(루나)","lunakim","KR","4760305734451200","루나의 식데룰렛❤️‍🔥🔞","false","420","5236","68","12","0","77","5.67","436.33","0"
"5076708211490816","하리니🤍","Harini02","KR","6078726745030656","구독권룰렜","true","2010","5200","104","13","0","50","8","400","0"
"6451811680321536","마음이❣️","TIolaq10","KR","5359366955008000","❣️마음이룰렛❣️","true","1360","5181","157","15","0","33","10.47","345.4","0"
"4707867975090176","일탈 H-cup🍼유부녀","hbbxx_0727","KR","6357382310592512","🔞꽝없는 고퀄 섹줌마 Videos & Pics🔞","true","50","5100","102","29","3","50","3.52","175.86","14.67"
"6109648231727104","은지💕","lovely_______ej","KR","4522436273045504","꼴포 모아모아💕","true","220","4995","111","29","0","45","3.83","172.24","0"
"4830429519740928","심유이 YUI","simyui82053","KR","6171274230562816","1월 룰렛🤍","true","360","4983","151","10","1","33","15.1","498.3","87"
"5077262085455872","백설양 Snow","uoujjj","KR","5651747960979456","SEXY한 룰렛♡","false","0","4930","493","18","0","10","27.39","273.89","0"
"6383511881449472","정구 Jung gu","junggu12","KR","5955641710673920","연말 특별 컬렉션 룰렛🔞","true","450","4880","122","28","0","40","4.36","174.29","0"
"5539614912872448","양이","pilaxxs","KR","5002551004168192","양이 훔쳐보기","true","180","4700","47","13","0","100","3.62","361.54","0"
"5222960753475584","TOJI","kFAmCXycu4","KR","6045242106249216","PC방 눈나 ?  ´͈ ᵕ `͈ ♡°◌̊","true","200","4520","226","17","3","20","13.29","265.88","47"
"5605074481774592","김버섯","Kimbusexy","KR","5281846901538816","🧧2026새해맞이🧧","false","40","4500","45","6","0","100","7.5","750","0"
"6642980720148480","☁️하늘이☁️sky☁️","hny1208_","KR","4752928691912704","☁️꽝없는 데이트 뽑기☁️","true","770","4485","65","6","0","69","10.83","747.5","0"
"4618902449618944","서하 SEOHA🪄🪽🐰","seo_H_a","KR","4637312333053952","구독권 룰렛🪄","true","3000","4059","41","16","0","99","2.56","253.69","0"
"6212246498770944","Yuna🫧","yuna_7777","TW","5678401127120896","Collect Lv.1–5 to get 🔞video!","true","50","4050","81","20","1","50","4.05","202.5","19"
"4785530719109120","🩷薇幸🩵","love871112","TW","6497739627233280","🖤 深夜模式","true","120","4020","268","9","3","15","29.78","446.67","62"
"6634035169525760","정명희","alex.jung","KR","4534615189684224","Only 코코볼..❤️","true","80","3960","120","26","0","33","4.62","152.31","0"
"5171655215349760","예삐🐣","wAZLpjwBx7","KR","4658654046519296","예삐🐣 19 룰렛🎈🎉","true","2400","3880","97","19","0","40","5.11","204.21","0"
"6525173473083392","전보연 boyeon","171jun2021","KR","6463391897157632","싸고 싶으면 드루와 💦","true","200","3680","92","23","0","40","4","160","0"
"4696792136482816","냥네코","xexxl_","KR","5892532129169408","냥네코의 비밀룰렛🩷","false","0","3663","37","20","0","99","1.85","183.15","0"
"6109650699354112","G바겐","gclass0714","KR","5851875363717120","1/12-31🔞식데💕침대💋연락처🥵 ","false","0","3630","110","15","0","33","7.33","242","0"
"4713579245928448","예봉 yebong","kamoyebbi","KR","5428217172393984","봉이 룰렛🍨","false","0","3600","60","8","0","60","7.5","450","0"
"5892209944887296","Now__on 현재","now__ness","KR","5717637406588928","𝑪𝒉𝒓𝒊𝒔𝒕𝒎𝒂𝒔 컬렉션룰렛    🎄🎅❄️","true","40","3330","74","14","4","45","5.29","237.86","13.5"
"4631765237039104","🩷슬라임🔞","slime180","KR","5645567922470912","미공개 영상 뽑기💦🩷","false","0","3250","65","7","0","50","9.29","464.29","0"
"6253070491975680","🌸샤샤🌸","oowwoo2","KR","5810670491860992","🥵구독권&고수위 사진영상🥵","true","250","3200","32","5","0","100","6.4","640","0"
"6723653031100416","민하 minha","minhaa_","KR","6139582426054656","1월 민하 룰렛🥵","true","2010","3200","32","10","0","100","3.2","320","0"
"4707617388953600","민시아","minsiaam","KR","5393564029878272","민시아 컬렉션🫧","true","90","3180","106","3","2","30","35.33","1060","46"
"6642980720148480","☁️하늘이☁️sky☁️","hny1208_","KR","6545078005989376","🛌🔞💦데이트 뽑기🛌🔞💦","true","1010","3100","62","20","0","50","3.1","155","0"
"5671899241447424","대만Karina啾啾🎀쮸쮸","chu5299","TW","5376171282989056","開箱聖誕啾啾🎁","true","360","3090","309","26","2","10","11.88","118.85","102"
"6323028827701248","세무딘","sejinming","KR","6299077353603072","다시 돌아온 기무세딘","true","1210","3080","40","12","0","77","3.33","256.67","0"
"5997123074326528","리츠코","ritsuko","KR","5784666239074304","발정났어요••♥️","true","80","2970","66","9","2","45","7.33","330","11.5"
"5575851188092928","🎀선코밍🎀","Serena","KR","4703398491521024","코미는 샤워중..🫧🔞","true","270","2940","84","20","0","35","4.2","147","0"
"6552805160321024","naeun.yoo","naeunyoo","KR","6561261589561344","슬렌더 나은 누드 해제🔞","true","110","2925","75","15","0","39","5","195","0"
"5675134720606208","🌼🌻🌼","zzopy113","KR","5292799907004416","훔쳐보기🌼","true","330","2880","32","4","0","90","8","720","0"
"6426510271643648","단비","_Vo__Vo_","KR","5295822557347840","All 교복 영상👅","true","20","2880","72","11","7","40","6.55","261.82","9.29"
"6613555748208640","루아🫦","ming7891","KR","6475649842872320","꽝없는 식데 뽑기❤️","false","0","2849","37","5","0","77","7.4","569.8","0"
"5581837845266432","쏘블리💖🎀 @leeesovely","leeesovely","KR","6290790155485184","🖤Black 마이크로 비키니 🥵 ","true","200","2840","71","10","0","40","7.1","284","0"
"4865581846298624","soi","soisoisoi","KR","5727350772924416","무료팔로워용 룰렛","true","12","2800","56","26","5","50","2.15","107.69","6"
"4743633474289664","수미깡❤","sumi.kang_1204","KR","6624838736347136","지상최대 최고수위🔞🥵","false","0","2760","40","14","0","69","2.86","197.14","0"
"6736647941193728","miyu 💜","love_miyu","KR","5790693990793216","2월 식데 룰렛","true","210","2700","54","13","1","50","4.15","207.69","13"
"4985575213760512","솜솜이💕","roro_706","KR","5553649112776704","솜솜이 온몸이용권🥵","false","0","2565","57","11","0","45","5.18","233.18","0"
"5665983207505920","라희","serenity0504","KR","4933052099919872","라희의 극악의 매운 맛 룰렛 🔞","true","1110","2520","72","8","0","35","9","315","0"
"5399219199606784","🍑큐리 curi🍑","Korean_peach","KR","5818944259817472","크리스마스♥️섹시 룰렛♥️","true","530","2520","84","10","0","30","8.4","252","0"
"5266307512729600","김유리","Yuri_02","KR","5820611109781504","영상,미디어,음통룰렛💕","true","330","2500","50","11","0","50","4.55","227.27","0"
"4958663606861824","🔞토끼 Thỏ🔞🐰","Thoiucarot","VN","5588092980494336","Càng xoay càng cởi nhiều 🔞","true","530","2457","63","15","0","39","4.2","163.8","0"
"5568355824631808","꽃비","pilatesflower","KR","6563172548018176","🐰음탕한 꽃비🐰","false","0","2420","44","15","0","55","2.93","161.33","0"
"6643809293238272","수린🎀","zzoohee","KR","4759081941401600","생일축하🍓","true","50","2400","48","11","1","50","4.36","218.18","12"
"6093701669650432","새옴","om0322","KR","6675954215878656","코스프레","true","70","2360","118","23","1","20","5.13","102.61","36"
"5171065413369856","미스김 누나🖤","women2025","KR","5193072121151488","양기충전소","true","1510","2250","45","12","0","50","3.75","187.5","0"
"4522608833462272","진희냥","necomimi","KR","6391665050583040","🔥진희냥의19금룰렛🔥","false","0","2242","38","12","0","59","3.17","186.83","0"
"6394108861874176","서윤","Seoyun_company","KR","5288923497693184","서윤이와 함께 먹는🥕","true","10000","2240","28","4","0","80","7","560","0"
"6086695883702272","시아 Sia🥑","sia_s2022","KR","6677713642520576","ㅈ꺼낼수밖에 없는 데이트룰렛ㅋ","false","0","2220","30","6","0","74","5","370","0"
"6262927209070592","유치땅","youchi0_0","KR","6276393945202688","✨유치의 새해 룰렛!!✨","true","740","2200","44","9","0","50","4.89","244.44","0"
"6267582342758400","dasom_lovely","dasom_lovely","KR","5712461799030784","다솜 1월 sexy 룰렛💋","true","80","2150","43","10","1","50","4.3","215","31"
"5153487409971200","芯寶ㄦ","xinyu0427s","TW","4778121917300736","今天讓我伺候你❤️","true","60","2100","105","22","2","20","4.77","95.45","26.5"
"4902593447723008","유요 UYO","rh__ab","KR","4922449122754560","NEW 꽝 없는 룰렛♥","false","0","2100","42","22","0","50","1.91","95.45","0"
"4831181608779776","유수정","crystal613v","KR","6613838230388736","신규화보+식데 룰렛","true","420","2050","41","5","0","50","8.2","410","0"
"6201342159945728","쥬쥬💋","ehdqkdtlsrl110","KR","6341290548723712","🔞쥬쥬의 19금 룰렛🔞","true","200","2000","20","4","0","100","5","500","0"
"5184846084308992","하앙 🫦 하영","gkdud150","KR","5032715633229824","🎬 ONLY VIDEOS 🥵 Hot 영상만!","true","30","1950","39","19","2","50","2.05","102.63","5.5"
"6553764611948544","루비","fyKkhfHHg8","KR","6511678444470272","루비룰렛💋","false","0","1850","37","4","0","50","9.25","462.5","0"
"6081413298454528","장미🌹","lovelymii","KR","5856802865610752","lovely with u ","true","400","1800","18","3","0","100","6","600","0"
"5932820879048704","보송이버섯🥵♥️","Bosong723","KR","5146494693998592","꼴포 가득 보송이 룰렛 💝","true","200","1750","50","14","0","35","3.57","125","0"
"6642980720148480","☁️하늘이☁️sky☁️","hny1208_","KR","6546800568893440","☁️꽝없는 데이트 뽑기☁️","true","4990","1725","25","8","0","69","3.13","215.63","0"
"5796231080247296","네루","neru_nim","KR","4969061533548544","한발빼자","true","2000","1683","51","15","0","33","3.4","112.2","0"
"4879422705238016","가영이🐮","yoonkang","KR","5029175456104448","영상 메일제공🔞","true","400","1650","66","14","0","25","4.71","117.86","0"
"4646277012062208","채라 Chaera🐹","chae__.ra","KR","6458228692156416","2025 총결산🔞","true","4400","1650","33","6","0","50","5.5","275","0"
"5289409643741184","연우💋","abd9024","KR","5721144977195008","연우 19 룰렛","true","510","1628","22","6","0","74","3.67","271.33","0"
"6109768758394880","Meow ≽^•⩊•^≼ 서연 🍼","nana_03","VN","5952837508071424","🔞Minna Nudes 🔞","false","0","1590","159","41","0","10","3.88","38.78","0"
"5219586343632896","陰陽大法師","ge.more_x","TW","5210207975309312","絕版聖誕精靈🧚","true","40","1580","79","10","3","20","7.9","158","19.33"
"5439055788834816","Yejin 예진🔞💦","lyxinhgai","VN","6161869783105536","Yejin Sex and Nudes😈💦🔞","true","180","1566","54","14","0","29","3.86","111.86","0"
"5226643074121728","냥코코","coco.meow","KR","5380758656188416","💓 꽝없는 19금 룰렛 💓","false","0","1530","17","10","0","90","1.7","153","0"
"5076708211490816","하리니🤍","Harini02","KR","5024117054177280","하린짱","true","220","1485","27","5","0","55","5.4","297","0"
"5091801079283712","냠냠유아🤤💛","njS0PtmC","KR","5553029513412608","올해처음은유아랑❤️‍🔥","true","70","1463","19","2","0","77","9.5","731.5","0"
"4908035789094912","미시차유리","MissyChayuri","KR","4885329107681280","유부녀 판타지❤️💋","true","400","1440","32","10","0","45","3.2","144","0"
"5299158341976064","MIMOLEMON🍋","Mimolemon","JP","6114266278199296","今年もレモンと遊ぼう🔞💦","true","90","1430","26","4","0","55","6.5","357.5","0"
"4713579245928448","예봉 yebong","kamoyebbi","KR","6731027419693056","봉이 룰렛🍨","false","0","1380","23","4","0","60","5.75","345","0"
"5621524096811008","고구마","yh6517","KR","5755614933483520","Sexy roulette🎡","false","0","1380","20","10","0","69","2","138","0"
"6583132883058688","헤니","456818_luv","KR","5392039928856576","미친 수위 🔞 물빼기 💦 룰렛","false","0","1375","25","6","0","55","4.17","229.17","0"
"6137030863552512","🐰유찌🐰","yuhwa.__kong","KR","6312008016396288","💕유찌의 꽝없는 룰렛 마지막💕","false","0","1300","13","8","0","100","1.63","162.5","0"
"5479751875362816","베리 🍓","very_berry","KR","4870663912488960","베리 29금 얼공코스튬 맛보기👅","true","210","1295","37","6","0","35","6.17","215.83","0"
"5482705105780736","CD만송이","10000song2likey","KR","5895940037869568","송이랑 놀래?❤️","true","210","1260","42","9","0","30","4.67","140","0"
"5729442627518464","Ecup🐰서아🐰","korean_hcup","KR","6531322567917568","꽝없는 개이득🔞속옷슴❤️가🔞","true","60","1260","28","10","0","45","2.8","126","0"
"5076708211490816","하리니🤍","Harini02","KR","4749909967437824","구독권룰렛","true","110","1200","24","6","0","50","4","200","0"
"5682428762128384","꾸뿌","ggubbu","KR","4972558253490176","🎁복주머니🎁","true","150","1200","40","11","0","30","3.64","109.09","0"
"6578274742108160","bbak_o0o","ba_o0ok","KR","4785076891222016","🔥","true","400","1150","23","3","0","50","7.67","383.33","0"
"6262927209070592","유치땅","youchi0_0","KR","5608041547497472","♥️유치의 룰렛♥️","true","220","1150","23","10","0","50","2.3","115","0"
"5076708211490816","하리니🤍","Harini02","KR","5194150950666240","구독권룰렛","true","60","1144","26","4","1","44","6.5","286","22"
"5419006176854016","영재 YoungJay","youngjay","KR","4814387488686080","🌶️영재 컬렉션 룰렛🌶️","true","220","1100","20","7","0","55","2.86","157.14","0"
"6603537190354944","벨라","Bella__","KR","6629540853121024","새해맞이 1월 룰렛 ❤️","false","0","1045","19","6","0","55","3.17","174.17","0"
"4798796780601344","Yukibaby優紀的愛","yuking0903","MY","6315600554164224","Sexy Yukibaby🔞","true","40","1000","50","5","2","20","10","200","23"
"6549680901259264","모찌","93_mozzi","KR","4733081970999296","바프 언더웨어 배송🩲","false","0","990","99","21","0","10","4.71","47.14","0"
"4831543862820864","히키코","coupang_1123","KR","4737919446351872","히키코 소장템♥︎","false","0","950","38","8","0","25","4.75","118.75","0"
"5732597385920512","솔비","s2_solbi","KR","6688724783267840","🥵Naked뽑기‼️꽝없음💦","false","0","900","9","3","0","100","3","300","0"
"6231601240145920","지니","an_xna_","KR","4902113462386688","산타걸 🎄❤️","true","300","900","36","9","0","25","4","100","0"
"5506120572272640","냥쮸","meowzzu","KR","4742591095701504"," 아찔한 비밀 초대장 ✨","true","100","900","18","8","0","50","2.25","112.5","0"
"6035749852741632","우주","pigrabbit","KR","6193787329249280","우주랑 가까워지기 💦","true","20000","850","17","4","0","50","4.25","212.5","0"
"5172795211448320","華丸アキ","aki_hanamaru","JP","4824468540293120","華丸アキ新年コンプルーレット🧸","true","140","840","42","3","1","20","14","280","40"
"5288108310593536","연유네코 Yeonyuneko","yeonyuneko","KR","5212410924433408","🍭","true","100","840","21","6","0","40","3.5","140","0"
"6291184182165504","bell","beebell.ll","TH","5761213087809536","วิดิโอคอล 1 ❤️","false","0","831","831","107","0","1","7.77","7.77","0"
"4655188477673472","一張","xi_iloveu2","TW","5965817624854528","🐰🎬🛁🩱","true","190","830","83","4","1","10","20.75","207.5","80"
"6356192360005632","루아","milkuyu","KR","5975844662214656","루아 몸매","true","20","820","41","12","1","20","3.42","68.33","5"
"6498354999787520","뇨 にょ","nyo_nyenya","KR","4536781207961600","부르마&메이드 룰렛","true","30","800","8","3","0","100","2.67","266.67","0"
"6058667832901632","썬스키 Ssunskey","ssunskey","KR","5484977178476544","구독권&후방주의🥵","true","140","800","8","3","0","100","2.67","266.67","0"
"5157738938302464","공주","bjjy1026","KR","5660996845895680","6조각 완성=시크릿 선물💦","true","200","780","26","8","0","30","3.25","97.5","0"
"5032098869215232","채화 彩花","chaehwa_O","KR","6713221793906688","두근두근 채화 첫 룰렛","true","310","760","19","7","0","40","2.71","108.57","0"
"4798192687841280","정다별이","jdabyeol2","KR","5674574822965248","은밀한 다별이 룰렛","true","800","750","15","8","0","50","1.88","93.75","0"
"5533185811349504","민주💖","ooonon214","KR","5540596975599616","고수위 영상 다모으면 선물❤","true","60","720","12","6","0","60","2","120","0"
"4631063934730240","葵葵❤️","yayababy5507","TW","5152895138988032","超色 獎勵都只有影片❤️","true","200","700","7","2","0","100","3.5","350","0"
"5938986822205440","STANg  스탕 💰","greenna17","TH","5659110608666624","รูเล็ตต์ร้อนแรง","true","30","700","35","4","2","20","8.75","175","11.5"
"6057369898188800","박아람","aram._ing","KR","5404451000221696","𝐍𝐄𝐖 궁녀 [宮女]  ","true","30","690","10","5","0","69","2","138","0"
"5506120572272640","냥쮸","meowzzu","KR","6605148706242560","Secret Gift 🍫","true","190","650","13","3","0","50","4.33","216.67","0"
"6724931612246016","社員食堂ギラギラ","giragira","JP","6520295373602816","ギラギラ冬ルーレット🎄","true","80","640","32","9","0","20","3.56","71.11","0"
"6056414047043584","わたあめふわり","watasi_cha","JP","6023712395689984","コレクションルーレット💖🎁❄️","true","30","630","21","6","1","30","3.5","105","12"
"5110959292874752","iicex_❄️⛄️","iicex_","TH","5682801337892864","เห็นฉันเปลือย","true","50","624","16","9","0","39","1.78","69.33","0"
"4723101646651392","Hyo원","hyoone","KR","5656774842712064","Hyo원이의 그림 룰렛🎨","true","210","594","18","2","0","33","9","297","0"
"5554389991489536","고은비","shushu_22","KR","4572270451425280","은비 돌림판 ♛","true","580","500","5","2","0","100","2.5","250","0"
"4976415017598976","조종해볼래?","sessmachine","KR","5564244524466176","Flower underwear set ","true","430","500","10","6","0","50","1.67","83.33","0"
"5418763606491136","ผักหวานนนนน","phakwhan090","TH","4964794693255168","รูเล็ตคอลเลกชัน","true","60","480","24","2","1","20","12","240","22"
"6628876559253504","06나밍","naming06","KR","5788945423204352","나밍이의 선물상자❤️","true","220","480","12","5","0","40","2.4","96","0"
"5051075711401984","다송","dearsongi","KR","4675905059487744","❤️다송송 계란탁❤️","true","600","472","8","4","0","59","2","118","0"
"5862966052454400","소정","2sojun","KR","5242175559499776","소정의 상품을 드립니다","true","320","450","10","4","0","45","2.5","112.5","0"
"5676674068971520","maru🌝【ガチムチ丸顔屋さん】","maru_dora93","JP","5289554081939456","maruのコンプルーレット","true","80","450","15","5","0","30","3","90","0"
"6081413298454528","장미🌹","lovelymii","KR","6155182837792768","장미랑 플레이 💋","true","30","445","5","2","1","89","2.5","222.5","4"
"5004374177021952","나나","nana12341543","KR","5807764376059904","비밀플랜 무료이용권😍","true","400","429","13","7","0","33","1.86","61.29","0"
"4998527651610624","박민지","hsh5085917","KR","4817847135174656","민지랑 영통 룰렛❤️","false","0","420","7","4","0","60","1.75","105","0"
"6110520818204672","예은🍭","yeeeeniii","KR","5962516040712192","야튜브 무료이용권🎟️","true","100","420","14","9","0","30","1.56","46.67","0"
"6480022501916672","난나_nanna","nunnu_you","KR","6312907148296192","❤️야노 랜덤 룰렛❤️","true","220","414","6","3","0","69","2","138","0"
"5930090488856576","水羽えと♡MizuhaneEto","Etocha_cos","JP","4518552850857984","えとと終わらないクリスマス🎄✨","true","70","405","81","14","1","5","5.79","28.93","52"
"6647310955380736","Vivian","vn_hello","TW","4949172152369152","大滿貫初體驗💦","true","50","400","40","9","0","10","4.44","44.44","0"
"5899221773647872","체리🍒","user999","KR","5966293279899648","침대위에서🥰","true","1600","380","38","3","0","10","12.67","126.67","0"
"6724634127040512","다니엘리","rullry","KR","5491189043363840","꽝없는 특별취향 룰렛♥︎♥︎","false","0","350","7","2","0","50","3.5","175","0"
"4879422705238016","가영이🐮","yoonkang","KR","5093302601973760","🔞[2월룰렛] 영상 메일제공 꽝없음🔞","true","400","345","5","1","0","69","5","345","0"
"4666161305419776","세라🔞","seerra","KR","4895307763744768","🫣오늘의 야노🌿","true","310","340","17","8","0","20","2.13","42.5","0"
"4729993722920960","지니🩷","maximgini","KR","6110511335931904","돌려라참깨💋","true","30","330","10","5","0","33","2","66","0"
"6061634121564160","소원 먹는 ⭐ 별이","onestar","KR","6403876392730624","별이의 네번째 소원","true","6470","330","11","9","0","30","1.22","36.67","0"
"5641826421506048","Ms Jorlyn 🍬","_jorlynlyn","MY","6018464126009344","🔞24h限定 🎉","false","0","330","33","14","0","10","2.36","23.57","0"
"4840724638269440","Bni자기야 🍼","bbae__","VN","5067249082892288","Sex 🔞","true","150","324","12","5","0","27","2.4","64.8","0"
"6434614044459008","babybxm","babybxm","TH","5851036431613952","รูเล็ตไม่มีพลาด💯","true","34","320","16","7","0","20","2.29","45.71","0"
"6736647941193728","miyu 💜","love_miyu","KR","6070350271152128","2025년 최고 파격화보(누드선물)","true","180","300","6","5","0","50","1.2","60","0"
"6174156216532992","꽁주","ggongju","KR","6572296774025216","화이트바니 컬렉션🩷","true","2000","300","6","4","0","50","1.5","75","0"
"5653513384427520","지아🍼🔞","tiiwzteriiz","TH","4510999798546432","Nipples pic 😝😜","false","0","300","6","5","0","50","1.2","60","0"
"5941859422437376","이린","2lyn_98","KR","4795952876683264","리뉴얼 트윗룰렛","false","0","294","6","3","0","49","2","98","0"
"6597837481377792","스릴러 Thriller","thriller","KR","6033662136221696","'","true","50","280","28","7","1","10","4","40","17"
"6291228295626752","앙모찌 angmochi🐚","angmochi","KR","5204224481886208","은밀한 모찌의 사생활 컬렉션 룰렛💦(확률 다 같음)","true","20","276","4","3","0","69","1.33","92","0"
"6093074900123648","이두나","duna_._","KR","4577449779331072","데굴데굴대잔치","true","9420","275","5","3","0","55","1.67","91.67","0"
"5872471726424064","🦋💕zindy🦄✨🔮","zindynapuk","TH","5077822059249664","รูเล็ตคอลเลกชัน","true","110","260","13","2","0","20","6.5","130","0"
"5114540947472384","솔미","s_solmi_","KR","4952506460471296","2026 new❤️","true","450","250","5","2","0","50","2.5","125","0"
"6054315144970240","daniel🧐","Hey_Danny","TH","6473308578185216","돌려라 돌려 돌림 pop🎉","false","0","250","5","2","0","50","2.5","125","0"
"5076708211490816","하리니🤍","Harini02","KR","5822678511583232","구독권룰렜","true","2010","250","5","2","0","50","2.5","125","0"
"6350491073314816","미사키🌺","misakiii_00","KR","4698379188895744","얼공꼭까 컬렉션💞","true","60","250","5","3","0","50","1.67","83.33","0"
"4707867975090176","일탈 H-cup🍼유부녀","hbbxx_0727","KR","6085339371470848","🍌HOLIDAY 🥵 HOT MOM 🔞","true","40","250","5","3","0","50","1.67","83.33","0"
"5328804219387904","Mana","Manasirinat","TH","6425118663442432","Mana Lucky Spin 💋","true","30","250","5","4","0","50","1.25","62.5","0"
"6466935121051648","Ruis🇯🇵","otaku_ruis","JP","4574157175193600","2026 Happy New Bathtab","true","170","250","25","7","0","10","3.57","35.71","0"
"5879275503812608","Angel娘娘","angel520jay","MY","5205391953821696","FREE 3 DAYS!!!!😈 ","false","0","246","41","7","0","6","5.86","35.14","0"
"5310390067200000","女友小龜> <","huinnxx_","TW","5786842231406592","男友們的聖誕驚喜🥰","true","60","240","16","3","0","15","5.33","80","0"
"6356192360005632","루아","milkuyu","KR","5088611457499136","우아루아","false","0","240","8","4","0","30","2","60","0"
"4763773593518080","채솔 Ssolar","chaessol_","KR","5597706375593984","꽝없는 란제리 화보 룰렛👙 ","true","230","236","4","2","0","59","2","118","0"
"6571247895642112","piaw","piaw_44","TH","5879925992259584","รูเล็ตคอลเลกชัน","true","20","225","15","4","1","15","3.75","56.25","12"
"6241160211398656","Suzu","o_15__u","JP","5933351451164672","すずのクリスマスルーレット🎄","true","40","210","7","3","0","30","2.33","70","0"
"4791909651513344","살랑이","dodore75","KR","6541011590512640","살랑이 속옷🔞컬렉션","true","10","210","7","2","2","30","3.5","105","3.5"
"6072254800658432","baby 베이비 👅","babycka","KR","5164717640450048","Hot","false","0","200","2","1","0","100","2","200","0"
"5052980456652800","妍妍｜クロエ💋𝒞𝒽𝓁𝑜𝑒🌹","xinyan621","TW","5674935549886464","想要色色嗎？❤️‍🔥","true","400","200","20","5","0","10","4","40","0"
"4618902449618944","서하 SEOHA🪄🪽🐰","seo_H_a","KR","6040058214940672","구독권 룰렛🗝️🖤","true","3000","198","2","2","0","99","1","99","0"
"6554877098655744","레이💋","reiiii","KR","4945362621235200","한달 통화 티켓📞","true","30010","180","2","1","0","90","2","180","0"
"6062167038296064","민댕댕","mindaeng","KR","5265089604288512","민댕의 몸을 살펴볼까?🙈","true","30","180","6","1","0","30","6","180","0"
"5671899241447424","대만Karina啾啾🎀쮸쮸","chu5299","TW","4852753127112704","新春啾要旺🧨","true","110","180","18","4","0","10","4.5","45","0"
"6515400280965120","菈小菈","lalalalala0730","TW","5618361011732480","🍈&🐻","true","20","160","8","3","1","20","2.67","53.33","6"
"6736647941193728","miyu 💜","love_miyu","KR","4957346838282240","2월 식데 룰렛","true","490","150","3","2","0","50","1.5","75","0"
"6740977193779200","しらほしなつみ","natsumi0913","JP","5010719105024000","お着替えルーレット","true","90","150","5","2","0","30","2.5","75","0"
"6705554081513472","송현","songhyeon","KR","6087367409729536","Songhyeon's LUCKY Roullet🤎","true","90","145","5","2","0","29","2.5","72.5","0"
"5250372113465344","Abify99☆Cosplay","abify99","TH","4620920254824448","SEXY COW","true","10","140","4","1","1","35","4","140","4"
"5262278641516544","도희🔥","do_ohee","KR","5108988673982464","🎡영상 제작 룰렛🎡","true","200","140","7","3","0","20","2.33","46.67","0"
"4543718782861312","도아🍑","deepwater09","GB","5889674046537728","무료 영통을 뽑아봐😍","false","0","120","2","1","0","60","2","120","0"
"4748831059279872","小喵的喵","Miaoh123308","TW","6740213914337280","集滿喵喵驚喜","true","40","120","4","1","0","30","4","120","0"
"5302477655310336","ここあさま","kokoasama","JP","5849029733974016","ここあさまのデザートルーレット🍫🍭","true","60","120","4","2","0","30","2","60","0"
"5637642425532416","Yomi 🎀よみ","yominokuni_chan","JP","4838623502204928","🎀Secret Spin🎀","false","0","120","4","2","0","30","2","60","0"
"6054593144487936","배서윤","suzynyanya","KR","4978232777703424","꽝없는 매운맛 룰렛 🥵","false","0","100","1","1","0","100","1","100","0"
"5043394097381376","연우","Yeon_woo","KR","6628587613650944","연우 스페셜 룰렛 🎀","true","1140","100","1","1","0","100","1","100","0"
"5381637246484480","리사","kkor5981","KR","4578024893906944","리사 맛보기💋","true","30","100","2","1","0","50","2","100","0"
"4576363277385728","시유🫧","siyou1004","KR","5896991878086656","Hot🔥🔞","false","0","99","1","1","0","99","1","99","0"
"6107052348997632","🇯🇵MomoAkiba あきばもも","Momo0312","JP","6166523220787200","もも禁断コンプルーレット❤️‍🔥","true","150","90","3","1","0","30","3","90","0"
"4837930550099968","霜月めあ/Mea Shimotsuki","meameachan","JP","5112579778347008","メアサンタルーレット💝","true","90","90","3","2","0","30","1.5","45","0"
"4840921009029120","진소람","solamjin2020","KR","5790637253001216","✨소람이 팬미팅👉❤👈","false","0","87","3","1","0","29","3","87","0"
"5947099806105600","ยูจิน 🌸","xx.jen_n","TH","4554146830286848","รูเล็ตคอลเลกชัน","true","60","80","4","4","0","20","1","20","0"
"5900667665448960","탑체리","top.cherry","KR","5930604995739648","탑체리랑 침대에서 🍒","true","30","75","3","1","0","25","3","75","0"
"5799857459757056","벨리스(veliss)🧡","esthichoi","KR","6389044847247360","벨리의 수위🥵","true","370","70","2","1","0","35","2","70","0"
"5072927003836416","邱默默🎀Petite Momo","tngnlo","TW","5054634004774912","壽星的小秘密🎁 Birthday Heat","true","120","70","7","4","0","10","1.75","17.5","0"
"6479541298200576","Gieawgoii","gieawgoii","TH","5410263533813760","รูเล็ตคอลเลกชัน🫶🏻","true","120","70","7","4","0","10","1.75","17.5","0"
"4879422705238016","가영이🐮","yoonkang","KR","6080034495463424","🔞[2월룰렛] 영상 메일제공 꽝없음🔞","true","400","69","1","1","0","69","1","69","0"
"5471747361144832","오하임","ZRATnURZF3","KR","6141529027706880","비하임드 ","false","0","60","1","1","0","60","1","60","0"
"6642765529677824","연숙이😺","ss22ss22_69_","KR","6703441436147712","1번씩만 뽑으면 올탈10장❤","true","20","60","3","3","0","20","1","20","0"
"6054315144970240","daniel🧐","Hey_Danny","TH","5237861503926272","돌려라 돌려 돌림 pop🎉","false","0","50","1","1","0","50","1","50","0"
"5506120572272640","냥쮸","meowzzu","KR","5939383862755328","Secret Gift 🍫","true","180","50","1","1","0","50","1","50","0"
"5433611378688000","きなこもち🍑Kinakomochi🍑","k1nakoM","JP","4926670420246528","冬のドキドキタイム…⛄️💗","true","50","42","42","3","2","1","14","14","19"
"6287394644099072","주디 Judy","aestas","KR","5357547210080256","주디 사진 보고가요🐰","false","0","40","2","1","0","20","2","40","0"
"6426510271643648","단비","_Vo__Vo_","KR","6426211812311040","All 기모노영상✨","true","20","40","1","1","0","40","1","40","0"
"5366268273950720","Hime 😍","himexinhiu","VN","4792557176553472","This Month’s Hot Reveal 💋","true","400","39","1","1","0","39","1","39","0"
"6054315144970240","daniel🧐","Hey_Danny","TH","6610304701235200","LikeyPop👅","true","50","30","1","1","0","30","1","30","0"
"6657467004157952","yutori🐹","ham.cheese123","JP","6251811850878976","yutoriと旅館デート🐹💕","true","170","30","1","1","0","30","1","30","0"
"6340347406385152","다영이❤","Dayoung_99","KR","5914909180362752","다영이 신음소리❤사진은 3장씩😘","false","0","30","1","1","0","30","1","30","0"
"5789869268992000","まめだいふく/mamedaifuku","poyodaifukuya","JP","6014277224955904","まめだいちゃんとクリスマス🎄🌟","true","40","25","1","1","0","25","1","25","0"
"6261093082267648","鈴木双葉🌱","Suzuki_Futaba","JP","5679015332610048","ふたば カラフルルーレット🌈","true","200","22","22","5","0","1","4.4","4.4","0"
"4671299503587328","Ma.muay","Ma.muay","TH","4951418084720640","รูเล็ตคอลเลกชัน🎁","true","100","20","1","1","0","20","1","20","0"
"6041688328699904","Tongbunny","Tongbunny","TH","4688560415506432","รูเล็ตคอลเลกชัน","true","30","20","1","1","0","20","1","20","0"
"6727260870868992","번이ㅎㅅㅎ","bunnyrf","KR","6285266408112128","룰렛 맹들어요 이름은 30글자만 ","false","0","8","8","1","0","1","8","8","0"
"5372304173498368","커빙","TnxnBNEiE4","KR","4561503475924992","컵이의컬렉션룰렛🧡","true","20","8","8","1","1","1","8","8","8"
"6727260870868992","번이ㅎㅅㅎ","bunnyrf","KR","6089624687673344","실물만","false","0","2","2","1","0","1","2","2","0"
"6727260870868992","번이ㅎㅅㅎ","bunnyrf","KR","4646684757000192","룰렛이름을적어요ㅎㅎㅎ","false","0","2","2","1","0","1","2","2","0"
"6727260870868992","번이ㅎㅅㅎ","bunnyrf","KR","4552866128920576","테스트ㅎㅎㅎ","true","100","1","1","1","0","1","1","1","0"